﻿<?xml version="1.0" encoding="UTF-8" standalone="yes"?>
<addon 
    id="plugin.audio.ilovemusic"
    name="[COLOR white]I Love Music[/COLOR]"
    version="2.0.2" 
    provider-name="adiko01">
    <requires>
		<import addon="xbmc.python" version="2.26.0"/>
	</requires>
	<extension point="xbmc.python.pluginsource" library="addon.py">
		<provides>audio</provides>
	</extension>
	<extension point="xbmc.addon.metadata">
		<platform>all</platform>
		<summary lang="de_DE">[COLOR white]I Love Music[/COLOR]</summary>
		<description lang="de_DE"> [COLOR white]I Love Music - Webstreams[/COLOR] \n https://www.ilovemusic.de </description>
		<language>de</language>	
		<source></source>
		<email></email>
	<assets>
        <icon>resources/icon.png</icon>
        <fanart>resources/fanart.jpg</fanart>
		<screenshot>resources/screenshot-1.jpg</screenshot>
		<screenshot>resources/screenshot-2.jpg</screenshot>
    </assets>
	</extension>
</addon>
